INSERT INTO user_account (id, username, password_hash, role, created_at) VALUES
(10001, 'student', '{noop}123456', 'USER', CURRENT_TIMESTAMP),
(10002, 'merchant', '{noop}123456', 'MERCHANT', CURRENT_TIMESTAMP),
(10003, 'admin', '{noop}123456', 'ADMIN', CURRENT_TIMESTAMP);

INSERT INTO shop (id, name, category, address, avg_score, comment_count, hot_score, status, created_at, updated_at) VALUES
(1, '云上咖啡馆', '咖啡甜品', '西溪校区 3 号楼旁', 4.70, 82, 980, 'OPEN', CURRENT_TIMESTAMP, CURRENT_TIMESTAMP),
(2, '青禾轻食', '轻食简餐', '金沙港生活区 B1', 4.50, 56, 710, 'OPEN', CURRENT_TIMESTAMP, CURRENT_TIMESTAMP),
(3, '星火桌游社', '休闲娱乐', '创业街 2 楼', 4.80, 121, 1240, 'OPEN', CURRENT_TIMESTAMP, CURRENT_TIMESTAMP),
(4, '山野面馆', '特色正餐', '金沙港生活区北门', 4.60, 94, 890, 'OPEN', CURRENT_TIMESTAMP, CURRENT_TIMESTAMP),
(5, '拾光花店', '鲜花礼品', '创业街 1 楼', 4.90, 68, 760, 'OPEN', CURRENT_TIMESTAMP, CURRENT_TIMESTAMP),
(6, '跃动健身馆', '运动健身', '文体中心西侧', 4.40, 47, 650, 'OPEN', CURRENT_TIMESTAMP, CURRENT_TIMESTAMP),
(7, '像素照相馆', '摄影服务', '西溪校区生活区', 4.70, 73, 810, 'OPEN', CURRENT_TIMESTAMP, CURRENT_TIMESTAMP),
(8, '巷口烘焙', '面包甜点', '创业街东口', 4.80, 109, 1130, 'OPEN', CURRENT_TIMESTAMP, CURRENT_TIMESTAMP),
(9, '爪印宠物生活馆', '宠物服务', '金沙港生活区南门', 4.50, 39, 520, 'OPEN', CURRENT_TIMESTAMP, CURRENT_TIMESTAMP),
(10, '净界洗护', '洗护服务', '西溪校区 2 号楼旁', 4.30, 31, 430, 'OPEN', CURRENT_TIMESTAMP, CURRENT_TIMESTAMP);

INSERT INTO voucher (id, shop_id, title, stock, original_price, sale_price, status, begin_time, end_time, created_at, updated_at) VALUES
(1, 1, '咖啡双人下午茶秒杀券', 20, 88.00, 39.90, 'SELLING', CURRENT_TIMESTAMP, DATEADD('DAY', 7, CURRENT_TIMESTAMP), CURRENT_TIMESTAMP, CURRENT_TIMESTAMP),
(2, 2, '低脂轻食套餐团购券', 30, 42.00, 19.90, 'SELLING', CURRENT_TIMESTAMP, DATEADD('DAY', 10, CURRENT_TIMESTAMP), CURRENT_TIMESTAMP, CURRENT_TIMESTAMP),
(3, 3, '桌游包间 2 小时体验券', 12, 98.00, 49.90, 'SELLING', CURRENT_TIMESTAMP, DATEADD('DAY', 5, CURRENT_TIMESTAMP), CURRENT_TIMESTAMP, CURRENT_TIMESTAMP),
(4, 4, '招牌牛肉面双人餐', 25, 58.00, 39.00, 'SELLING', CURRENT_TIMESTAMP, DATEADD('DAY', 8, CURRENT_TIMESTAMP), CURRENT_TIMESTAMP, CURRENT_TIMESTAMP),
(5, 5, '周末鲜花小束', 18, 49.00, 29.90, 'SELLING', CURRENT_TIMESTAMP, DATEADD('DAY', 6, CURRENT_TIMESTAMP), CURRENT_TIMESTAMP, CURRENT_TIMESTAMP),
(6, 6, '单次健身体验券', 40, 69.00, 19.90, 'SELLING', CURRENT_TIMESTAMP, DATEADD('DAY', 14, CURRENT_TIMESTAMP), CURRENT_TIMESTAMP, CURRENT_TIMESTAMP),
(7, 7, '证件照精修套餐', 22, 79.00, 45.00, 'SELLING', CURRENT_TIMESTAMP, DATEADD('DAY', 12, CURRENT_TIMESTAMP), CURRENT_TIMESTAMP, CURRENT_TIMESTAMP),
(8, 8, '每日面包任选 3 件', 35, 36.00, 22.00, 'SELLING', CURRENT_TIMESTAMP, DATEADD('DAY', 4, CURRENT_TIMESTAMP), CURRENT_TIMESTAMP, CURRENT_TIMESTAMP),
(9, 8, '生日蛋糕 6 寸预订券', 15, 128.00, 88.00, 'SELLING', CURRENT_TIMESTAMP, DATEADD('DAY', 9, CURRENT_TIMESTAMP), CURRENT_TIMESTAMP, CURRENT_TIMESTAMP),
(10, 9, '宠物洗护体验券', 16, 108.00, 69.00, 'SELLING', CURRENT_TIMESTAMP, DATEADD('DAY', 11, CURRENT_TIMESTAMP), CURRENT_TIMESTAMP, CURRENT_TIMESTAMP),
(11, 10, '冬季羽绒服洗护券', 28, 89.00, 59.00, 'SELLING', CURRENT_TIMESTAMP, DATEADD('DAY', 15, CURRENT_TIMESTAMP), CURRENT_TIMESTAMP, CURRENT_TIMESTAMP),
(12, 1, '工作日美式咖啡券', 50, 25.00, 12.90, 'SELLING', CURRENT_TIMESTAMP, DATEADD('DAY', 7, CURRENT_TIMESTAMP), CURRENT_TIMESTAMP, CURRENT_TIMESTAMP);

INSERT INTO group_activity (id, voucher_id, title, description, required_size, group_price, total_stock, joined_count, allowed_role, status, begin_time, end_time, created_at, updated_at) VALUES
(101, 1, '咖啡双人下午茶拼团', '2 人成团，到店享双人下午茶。', 2, 35.90, 20, 0, 'USER', 'ONGOING', CURRENT_TIMESTAMP, DATEADD('DAY', 7, CURRENT_TIMESTAMP), CURRENT_TIMESTAMP, CURRENT_TIMESTAMP),
(102, 3, '桌游包间好友拼团', '3 人成团，周末一起玩桌游。', 3, 39.90, 12, 0, 'USER', 'ONGOING', CURRENT_TIMESTAMP, DATEADD('DAY', 5, CURRENT_TIMESTAMP), CURRENT_TIMESTAMP, CURRENT_TIMESTAMP),
(103, 6, '健身体验拼团', '2 人一起报名，单次体验更优惠。', 2, 15.90, 40, 0, 'USER', 'ONGOING', CURRENT_TIMESTAMP, DATEADD('DAY', 10, CURRENT_TIMESTAMP), CURRENT_TIMESTAMP, CURRENT_TIMESTAMP);
